outcome,spec,event_time,att,ci_low,ci_high
Slant direction,Full: outlet:event FE,-6,-0.01630935028903456,-0.055207129602897864,0.022588429024828743
Slant direction,Full: outlet:event FE,-5,0.009588766528560104,-0.02969912071576137,0.04887665377288158
Slant direction,Full: outlet:event FE,-4,0.026781762495654584,-0.006069253523912046,0.05963277851522121
Slant direction,Full: outlet:event FE,-3,0.02570806458097024,-0.015643501591883588,0.06705963075382407
Slant direction,Full: outlet:event FE,-2,0.015750944810127513,-0.0203634792960171,0.05186536891627212
Slant direction,Full: outlet:event FE,0,0.10143284028074505,0.04196721759984884,0.16089846296164126
Slant direction,Full: outlet:event FE,1,0.06812469107389987,0.020247220830456457,0.11600216131734328
Slant direction,Full: outlet:event FE,2,0.07220057486615765,0.025790396513296815,0.11861075321901848
Slant direction,Full: outlet:event FE,3,0.02308771835992501,-0.014010227004210913,0.06018566372406094
Slant direction,Full: outlet:event FE,4,0.006768810149961169,-0.025719789999179204,0.03925741029910154
Slant direction,Full: outlet:event FE,5,-0.00844422212864456,-0.04079265893557751,0.023904214678288384
Slant direction,Full: outlet:event FE,6,0.010326665311147717,-0.027330584369515597,0.04798391499181103
Slant direction,Full: additive FE,-6,-0.010816013067546098,-0.0604931191158925,0.0388610929808003
Slant direction,Full: additive FE,-5,0.014986427951432728,-0.02785820309164977,0.057831058994515225
Slant direction,Full: additive FE,-4,0.03269925077555459,-0.004797693545098007,0.0701961950962072
Slant direction,Full: additive FE,-3,0.031412585291224406,-0.005447059793413582,0.06827223037586239
Slant direction,Full: additive FE,-2,0.027448070015785482,-0.021543877609992636,0.0764400176415636
Slant direction,Full: additive FE,0,0.2119370587609495,0.014815494272946428,0.4090586232489526
Slant direction,Full: additive FE,1,0.08924278221328999,0.03145646343193095,0.14702910099464903
Slant direction,Full: additive FE,2,0.09131904984185421,0.035236823176888456,0.14740127650681997
Slant direction,Full: additive FE,3,0.04231866577264834,-0.014571684825539756,0.09920901637083643
Slant direction,Full: additive FE,4,0.018141439725418058,-0.029842115480223832,0.06612499493105994
Slant direction,Full: additive FE,5,0.0017034021661384655,-0.04556941376120214,0.04897621809347907
Slant direction,Full: additive FE,6,0.018995454147965014,-0.03268150966990119,0.07067241796583121
Slant direction,Post-1970: outlet:event FE,-6,-0.01686897048580754,-0.05603531957582983,0.02229737860421475
Slant direction,Post-1970: outlet:event FE,-5,0.007537252007081589,-0.03192263064315772,0.046997134657320895
Slant direction,Post-1970: outlet:event FE,-4,0.02385099277775001,-0.009423782853482575,0.0571257684089826
Slant direction,Post-1970: outlet:event FE,-3,0.024085360689500474,-0.01773860046876703,0.06590932184776797
Slant direction,Post-1970: outlet:event FE,-2,0.016803250464166714,-0.01946256205117741,0.053069062979510834
Slant direction,Post-1970: outlet:event FE,0,0.10094730640253403,0.040895397180583146,0.16099921562448494
Slant direction,Post-1970: outlet:event FE,1,0.06320335541256623,0.014674203675989504,0.11173250714914296
Slant direction,Post-1970: outlet:event FE,2,0.07069257314357888,0.023674370776541408,0.11771077551061634
Slant direction,Post-1970: outlet:event FE,3,0.02384073023790133,-0.013664117768836252,0.06134557824463892
Slant direction,Post-1970: outlet:event FE,4,0.0072636087563444545,-0.025530976658529627,0.04005819417121854
Slant direction,Post-1970: outlet:event FE,5,-0.007950940462682687,-0.04056024038181542,0.024658359456450042
Slant direction,Post-1970: outlet:event FE,6,0.00972218675396775,-0.028301532498318863,0.04774590600625436
Slant direction,Post-1990: outlet:event FE,-6,-0.016276365706923798,-0.05572213094752926,0.02316939953368166
Slant direction,Post-1990: outlet:event FE,-5,0.013161852673160111,-0.028028924469589905,0.05435262981591013
Slant direction,Post-1990: outlet:event FE,-4,0.02916976185903082,-0.003548449183237823,0.061887972901299465
Slant direction,Post-1990: outlet:event FE,-3,0.0256096466564195,-0.019801530056445953,0.07102082336928495
Slant direction,Post-1990: outlet:event FE,-2,0.02014245389141402,-0.01986459527926974,0.06014950306209778
Slant direction,Post-1990: outlet:event FE,1,0.056613022630741264,0.004349621300805115,0.10887642396067741
Slant direction,Post-1990: outlet:event FE,2,0.06955433021267465,0.017694565659091797,0.1214140947662575
Slant direction,Post-1990: outlet:event FE,3,0.03849693371587575,4.580715321213513e-4,0.07653579589963015
Slant direction,Post-1990: outlet:event FE,4,0.004195409294656001,-0.03250282927351628,0.04089364786282828
Slant direction,Post-1990: outlet:event FE,5,-0.010882186591288256,-0.04647257343283507,0.024708200250258557
Slant direction,Post-1990: outlet:event FE,6,0.01245756444822256,-0.02975826497182641,0.05467339386827153
Slant direction,Post-1990: additive FE,-6,-0.02815753114485401,-0.06672889269944546,0.01041383040973743
Slant direction,Post-1990: additive FE,-5,7.811625468149715e-4,-0.029976733910223107,0.03153905900385305
Slant direction,Post-1990: additive FE,-4,0.0166580608476754,-0.0055053631748731915,0.03882148487022399
Slant direction,Post-1990: additive FE,-3,0.013071477928746874,-0.014595220169465599,0.040738176026959345
Slant direction,Post-1990: additive FE,-2,0.007693551924123079,-0.023116811598142738,0.0385039154463889
Slant direction,Post-1990: additive FE,0,-0.11786058355171046,-4773.722580627406,4773.486859460302
Slant direction,Post-1990: additive FE,1,0.0423384070587637,0.0043625187719524006,0.080314295345574993
Slant direction,Post-1990: additive FE,2,0.05533483516000652,0.019439019775825406,0.09123065054418764
Slant direction,Post-1990: additive FE,3,0.024202609706026137,-0.002657896640521566,0.05106311605257384
Slant direction,Post-1990: additive FE,4,-0.010179119646766308,-0.03256860917921744,0.012210369885684823
Slant direction,Post-1990: additive FE,5,-0.025288858757566413,-0.050480666786405025,-9.705072872780163e-5
Slant direction,Post-1990: additive FE,6,-0.0023839464231400005,-0.03343575105169821,0.028667858205418204
Extremeness (|slant|),Full: outlet:event FE,-6,0.01517971146954297,-0.024112179069606256,0.0544716020086922
Extremeness (|slant|),Full: outlet:event FE,-5,0.032665483828378736,-0.0025832373747003215,0.06791420503145779
Extremeness (|slant|),Full: outlet:event FE,-4,0.028938855294978215,-0.010787751570787936,0.06866546216074437
Extremeness (|slant|),Full: outlet:event FE,-3,0.01053818592676056,-0.01826302541229271,0.03933939726581383
Extremeness (|slant|),Full: outlet:event FE,-2,-9.721502345168504e-4,-0.0373632899376881,0.035418989468654405
Extremeness (|slant|),Full: outlet:event FE,0,-0.008828200676127067,-0.07576091065152954,0.05810450929927541
Extremeness (|slant|),Full: outlet:event FE,1,0.019105993894060987,-0.011576989012576765,0.04978897680069874
Extremeness (|slant|),Full: outlet:event FE,2,-0.01030382542305537,-0.03636341723502174,0.015755766388910998
Extremeness (|slant|),Full: outlet:event FE,3,0.027783538825844833,-0.00988670231303599,0.06545377996472565
Extremeness (|slant|),Full: outlet:event FE,4,0.029328361738451828,-0.011342946249775995,0.06999966972667965
Extremeness (|slant|),Full: outlet:event FE,5,0.027186704569244362,-0.003200406259056994,0.05757381539754572
Extremeness (|slant|),Full: outlet:event FE,6,0.032255363725994524,-0.02405502107836252,0.08856574853035157
Extremeness (|slant|),Full: additive FE,-6,-0.01645741706124391,-0.06051035449953154,0.027595520377043718
Extremeness (|slant|),Full: additive FE,-5,0.0010119978013782736,-0.03975249581624521,0.04177649141900176
Extremeness (|slant|),Full: additive FE,-4,-0.003251360177397839,-0.047989263294783875,0.04148654293998819
Extremeness (|slant|),Full: additive FE,-3,-0.02163558570514968,-0.061574166785593326,0.018302995375293965
Extremeness (|slant|),Full: additive FE,-2,-0.03973232994465098,-0.09455498766907175,0.015090327779769798
Extremeness (|slant|),Full: additive FE,0,-0.15803314639832935,-0.37812126281265945,0.06205497001600077
Extremeness (|slant|),Full: additive FE,1,-0.031769265073060445,-0.09801365299540121,0.03447512284928032
Extremeness (|slant|),Full: additive FE,2,-0.05887760182692526,-0.11998095717854346,0.002225753524692946
Extremeness (|slant|),Full: additive FE,3,-0.021034007839116416,-0.08790722661130881,0.04583921093307599
Extremeness (|slant|),Full: additive FE,4,-0.010835876792318863,-0.06882224825699484,0.047150494672357116
Extremeness (|slant|),Full: additive FE,5,-0.0117473320908805,-0.06422931602474789,0.0407346518429869
Extremeness (|slant|),Full: additive FE,6,-0.005505098260220088,-0.07222304436334202,0.06121284784290185
Extremeness (|slant|),Post-1970: outlet:event FE,-6,0.015760299011293704,-0.02384586843053069,0.0553664664531181
Extremeness (|slant|),Post-1970: outlet:event FE,-5,0.034446974410771235,-9.136523567688931e-4,0.06980760117831136
Extremeness (|slant|),Post-1970: outlet:event FE,-4,0.0285793201657429,-0.011446607689802716,0.06860524802128852
Extremeness (|slant|),Post-1970: outlet:event FE,-3,0.012024165396641999,-0.016925393492099657,0.04097372428538365
Extremeness (|slant|),Post-1970: outlet:event FE,-2,2.5044898884073056e-4,-0.03624567588249373,0.03674657386017519
Extremeness (|slant|),Post-1970: outlet:event FE,0,-0.006901943269876706,-0.07449853628205949,0.060694649742306074
Extremeness (|slant|),Post-1970: outlet:event FE,1,0.019626776490183857,-0.011156413306407757,0.05040996628677547
Extremeness (|slant|),Post-1970: outlet:event FE,2,-0.00831072264664665,-0.034596920594956726,0.017975475301663428
Extremeness (|slant|),Post-1970: outlet:event FE,3,0.025627785578902416,-0.012479188171779693,0.06373475932958453
Extremeness (|slant|),Post-1970: outlet:event FE,4,0.029747845813090982,-0.011425924810448605,0.07092161643663057
Extremeness (|slant|),Post-1970: outlet:event FE,5,0.02772859509612516,-0.002955374943689623,0.058412565135939946
Extremeness (|slant|),Post-1970: outlet:event FE,6,0.03389043191318656,-0.023052896184535293,0.09083376001090841
Extremeness (|slant|),Post-1990: outlet:event FE,-6,0.018261933656250055,-0.0231880600647515,0.05971192737725161
Extremeness (|slant|),Post-1990: outlet:event FE,-5,0.040460142910580546,0.004366490504030901,0.07655379531713019
Extremeness (|slant|),Post-1990: outlet:event FE,-4,0.03274980488915663,-0.010169752532486385,0.07566936231079965
Extremeness (|slant|),Post-1990: outlet:event FE,-3,0.02056164404518572,-0.005755964438222995,0.046879252528594435
Extremeness (|slant|),Post-1990: outlet:event FE,-2,7.200772522590465e-4,-0.03949363028759491,0.040933784792113
Extremeness (|slant|),Post-1990: outlet:event FE,1,0.03116341708207022,-0.0028782825380485703,0.06520511670218901
Extremeness (|slant|),Post-1990: outlet:event FE,2,6.515442057190655e-4,-0.024723711489625398,0.026026799901063526
Extremeness (|slant|),Post-1990: outlet:event FE,3,0.023551723745853265,-0.01963102281714097,0.0667344703088475
Extremeness (|slant|),Post-1990: outlet:event FE,4,0.04235349472580153,-0.003694098311278003,0.08840108776288105
Extremeness (|slant|),Post-1990: outlet:event FE,5,0.037675962040577535,0.0044440586047526515,0.07090786547640242
Extremeness (|slant|),Post-1990: outlet:event FE,6,0.041858726357245,-0.021253508264412087,0.1049709609789021
Extremeness (|slant|),Post-1990: additive FE,-6,-2.1830318036134794e-4,-0.028831609801451684,0.02839500344072899
Extremeness (|slant|),Post-1990: additive FE,-5,0.02233588325577921,0.0015920978974178247,0.0430796686141406
Extremeness (|slant|),Post-1990: additive FE,-4,0.014747481561721638,-0.01333787957713502,0.0428328427005783
Extremeness (|slant|),Post-1990: additive FE,-3,0.0023592702387753694,-0.021957953952847616,0.026676494430398358
Extremeness (|slant|),Post-1990: additive FE,-2,-0.017398394500852857,-0.04200112973369367,0.007204340731987963
Extremeness (|slant|),Post-1990: additive FE,0,-0.6358057571247042,-4628.018398588692,4626.746787074442
Extremeness (|slant|),Post-1990: additive FE,1,0.013222887984050304,-0.01214901455568391,0.03859479052378452
Extremeness (|slant|),Post-1990: additive FE,2,-0.01722941110987725,-0.04402403889203686,0.009565216672282367
Extremeness (|slant|),Post-1990: additive FE,3,0.005587674481284395,-0.019540620229605003,0.030715969192173793
Extremeness (|slant|),Post-1990: additive FE,4,0.024325192270112417,-0.0015454452588914702,0.050195829799116305
Extremeness (|slant|),Post-1990: additive FE,5,0.019652054451857078,-0.004556647898290609,0.04386075680200477
Extremeness (|slant|),Post-1990: additive FE,6,0.02373072037202074,-0.020012458729952717,0.0674738994739942
